mean_x,standard deviation_x,variance_x,rms_x,skewness_x,kurtosis_x,mean_y,standard deviation_y,variance_y,rms_y,skewness_y,kurtosis_y,fft_order1_x,fft_order2_x,fft_order3_x,fft_order1_y,fft_order2_y,fft_order3_y,class
0.001342072,0.006536463,4.27E-05,0.006672756,-0.058992278,1.491725565,-0.000691959,0.0027519,0.000007573,0.002837536,-0.068329569,2.564151924,0.005461813,0.000132735,0.001887628,0.001688011,0.000156123,0.000572128,0
0.001348255,0.006523367,4.26E-05,0.006661177,-0.068277987,1.472583657,-0.000665115,0.002736808,7.49E-06,0.002816442,-0.020452307,2.6174482,0.005470347,0.00020726,0.001886927,0.001653393,0.000209373,0.000584183,0
0.001344303,0.006519911,4.25E-05,0.006656993,-0.06104785,1.461537411,-0.000642241,0.002729891,7.45E-06,0.002804395,-0.043795881,2.527816135,0.00546319,0.000218837,0.001890266,0.001669077,0.000191013,0.000582362,0
0.001341885,0.006539606,4.28E-05,0.006675797,-0.06073953,1.463421483,-0.000675274,0.002718756,7.39E-06,0.002801336,-0.072459579,2.541328519,0.00548127,0.000193856,0.001892882,0.00165236,0.000187721,0.000571943,0
0.00133,0.006552705,4.29E-05,0.006686255,-0.071390017,1.509504365,-0.000707073,0.002860107,8.18E-06,0.002946185,-0.035143159,2.91532614,0.005445003,0.000165704,0.001887231,0.001682601,0.000161116,0.000581374,0
0.001360643,0.006581572,4.33E-05,0.006720684,-0.05811581,1.490047091,-0.000665761,0.002759688,7.62E-06,0.002838832,-0.048871071,2.556356749,0.00551809,0.000174081,0.001889579,0.001658971,0.000178582,0.000573913,0
0.001351083,0.00651943,0.000042503,0.006657894,-0.061268463,1.464974665,-0.000698486,0.002732491,7.47E-06,0.002820327,-0.061455827,2.565308107,0.005461469,0.000182587,0.001891577,0.001686405,0.000153755,0.000576978,0
0.001339489,0.00653196,4.27E-05,0.006667826,-0.064400445,1.455972358,-0.000695663,0.002725214,7.43E-06,0.002812578,-0.046697029,2.566504405,0.005485613,0.000190519,0.001889341,0.001664467,0.000200358,0.000573056,0
0.001340864,0.006541462,4.28E-05,0.00667741,-0.050424596,1.549786569,-0.000678201,0.002841944,8.08E-06,0.002921719,-0.046713341,4.176606658,0.005454725,0.000229326,0.001884292,0.001693842,0.00018699,0.00057829,0
0.001312218,0.006510052,4.24E-05,0.006640924,-0.059403809,1.467565957,-0.000708463,0.002737478,7.49E-06,0.002827642,-0.056437186,2.517819912,0.005460575,0.000215223,0.001896746,0.001676758,0.000187872,0.000574201,0
0.00133264,0.006525238,4.26E-05,0.006659867,-0.070411142,1.470253034,-0.000674974,0.002747764,7.55E-06,0.002829426,-0.060542799,2.562248616,0.005473245,0.000172454,0.001902492,0.001681319,0.000173771,0.000576812,0
0.001363793,0.006506442,4.23E-05,0.006647774,-0.070074621,1.478164722,-0.000691782,0.002744112,7.53E-06,0.002829941,-0.050449791,2.527215386,0.00544882,0.000171172,0.001877817,0.001682447,0.000190833,0.000599605,0
0.001341881,0.006518383,4.25E-05,0.006655008,-0.059327519,1.461617056,-0.000692114,0.002742361,7.52E-06,0.002828324,-0.073069591,2.545233862,0.005463606,0.00018789,0.001899731,0.001686837,0.000186361,0.00058401,0
0.001349287,0.006531097,4.27E-05,0.006668956,-0.058948548,1.459854097,-0.000700396,0.002756038,7.60E-06,0.002843616,-0.02882886,2.559597637,0.005484081,0.000188405,0.001889636,0.001684726,0.000212869,0.000599618,0
0.001348762,0.006518705,4.25E-05,0.006656714,-0.05983901,1.46266608,-0.000700225,0.002758892,7.61E-06,0.00284634,-0.045118753,2.538191843,0.005469484,0.000202438,0.001863939,0.001680432,0.000166768,0.000581474,0
0.00136615,0.006538251,4.27E-05,0.00667939,-0.061569745,1.471182599,-0.000693295,0.002734174,7.48E-06,0.002820677,-0.05526897,2.537860859,0.005488421,0.000157855,0.001884102,0.001671627,0.000161295,0.000565066,0
0.001355552,0.006534437,4.27E-05,0.006673496,-0.063733954,1.458352635,-0.000662924,0.00273797,7.50E-06,0.002817055,-0.050657988,2.56623244,0.005492652,0.000199878,0.001861882,0.001679288,0.000201331,0.000598296,0
0.001366238,0.006533578,4.27E-05,0.006674834,-0.069269341,1.465036423,-0.000677271,0.002734203,7.48E-06,0.00281681,-0.062707329,2.597676622,0.005491145,0.00021061,0.001871811,0.00167505,0.00020107,0.000593252,0
0.001347267,0.006531085,4.27E-05,0.006668535,-0.067105792,1.469662165,-0.000666362,0.002732141,7.46E-06,0.002812203,-0.074870752,2.58222537,0.005482676,0.00021709,0.001890924,0.001664067,0.000190523,0.000585622,0
0.001348473,0.006522487,4.25E-05,0.00666036,-0.06087795,1.468317634,-0.00067297,0.002735765,7.48E-06,0.002817295,-0.047666352,2.552414234,0.005468036,0.000202917,0.001886158,0.001696142,0.000202047,0.000572759,0
0.001360629,0.006524723,0.000042572,0.00666502,-0.066797418,1.471235062,-0.000662341,0.002731003,7.46E-06,0.002810148,-0.04776101,2.515191179,0.005472435,0.000196803,0.001881024,0.001683303,0.000174336,0.000577629,0
0.001339638,0.006524447,4.26E-05,0.006660496,-0.060740298,1.457375167,-0.000668102,0.002728865,7.45E-06,0.002809434,-0.049843161,2.572545101,0.005476337,0.00017774,0.001893421,0.001668411,0.000177672,0.000566872,0
0.001351239,0.006526909,4.26E-05,0.00666525,-0.068359514,1.465245631,-0.000675308,0.002748535,7.55E-06,0.002830254,-0.035167898,2.534833173,0.005471744,0.000163966,0.001879674,0.001690135,0.000146613,0.000596215,0
0.001342564,0.006540033,0.000042772,0.006676352,-0.064234581,1.461825652,-0.000662453,0.002730583,7.46E-06,0.002809766,-0.042078112,2.53244408,0.005484159,0.000166672,0.001896178,0.001683769,0.000142624,0.000577773,0
0.001365731,0.006537947,4.27E-05,0.006679007,-0.064930456,1.46830114,-0.000672009,0.002719629,7.40E-06,0.002801399,-0.060815133,2.560105656,0.005495524,0.000153843,0.001852128,0.001656539,0.00013498,0.000580231,0
0.001354546,0.006529091,0.000042629,0.006668057,-0.063993162,1.462717976,-0.000664048,0.002748954,7.56E-06,0.002827996,-0.048986503,2.543623066,0.00548252,0.000213588,0.001905674,0.001680332,0.000176554,0.000564127,0
0.001335048,0.006538543,4.28E-05,0.006673385,-0.062168831,1.478367648,-0.000674653,0.002736107,7.49E-06,0.002818029,-0.023097625,2.52923569,0.005470019,0.000219408,0.001893392,0.001676582,0.000199456,0.000585575,0
0.001363466,0.006520873,4.25E-05,0.006661831,-0.062380831,1.469375829,-0.000710145,0.002747998,7.55E-06,0.002838248,-0.05134409,2.549713961,0.005467022,0.000226488,0.001879096,0.001681557,0.000189236,0.000592021,0
0.001345388,0.006533552,4.27E-05,0.006670573,-0.062263107,1.472741919,-0.000686932,0.002731523,7.46E-06,0.002816549,-0.02759689,2.559356318,0.005484033,0.000175975,0.001874947,0.001672613,0.000177018,0.000604754,0
0.001358284,0.006531304,4.27E-05,0.006670985,-0.061245381,1.45639345,-0.000684982,0.002742846,7.52E-06,0.002827058,-0.058427964,2.557001731,0.005487073,0.00019142,0.00188887,0.001673947,0.000162072,0.000571044,0
0.001376182,0.00649935,4.22E-05,0.006643388,-0.064854123,1.468365093,-0.000684614,0.002739355,7.50E-06,0.002823582,-0.051059452,2.539151499,0.005460407,0.000192662,0.001864139,0.001668525,0.000173439,0.00058573,0
0.001361231,0.006514603,4.24E-05,0.006655237,-0.064368554,1.468215996,-0.000676628,0.002732943,0.000007469,0.002815432,-0.045516775,2.531402721,0.005458614,0.00018668,0.001886755,0.001681687,0.000219067,0.000573705,0
0.001346687,0.006538001,4.27E-05,0.006675192,-0.056205723,1.464435468,-0.000670209,0.002748298,7.55E-06,0.002828811,-0.046990384,2.568999745,0.005489071,0.00018907,0.001867604,0.001684823,0.000163684,0.000583371,0
0.001373152,0.00653393,4.27E-05,0.006676598,-0.059458156,1.455756646,-0.000640009,0.002731239,7.46E-06,0.002805198,-0.046096052,2.552985475,0.005488352,0.000139968,0.00189204,0.001667832,0.000141947,0.000585905,0
0.001356938,0.006527836,4.26E-05,0.006667315,-0.061930826,1.461646552,-0.000665093,0.002717334,7.38E-06,0.002797518,-0.048727096,2.564076829,0.00548601,0.000161749,0.001892214,0.001656554,0.000132447,0.000579376,0
0.001365839,0.00650752,4.23E-05,0.006649249,-0.065501912,1.468293104,-0.000677721,0.002751496,7.57E-06,0.002833706,-0.065773532,2.556533263,0.005461654,0.000186383,0.001883978,0.001673387,0.000184491,0.000592467,0
0.001347272,0.006517708,4.25E-05,0.006655436,-0.063402858,1.461224273,-0.000669278,0.002748006,7.55E-06,0.002828307,-0.046345273,2.579132696,0.005473042,0.000211421,0.001888568,0.001677222,0.000209642,0.000570007,0
0.001375911,0.006535279,4.27E-05,0.006678485,-0.06573806,1.467420266,-0.000661015,0.002734951,0.00000748,0.002813673,-0.074583362,2.548651566,0.005492359,0.000162179,0.001869128,0.001645872,0.000177446,0.000595406,0
0.001354248,0.006524312,4.26E-05,0.006663317,-0.062694495,1.465427287,-0.000659281,0.002734849,7.48E-06,0.002813166,-0.054090149,2.585797317,0.005480238,0.000181945,0.001877369,0.001661938,0.000136688,0.000571626,0
0.001364906,0.00654209,4.28E-05,0.006682894,-0.059466029,1.456059786,-0.000710543,0.002725691,7.43E-06,0.002816757,-0.066158858,2.558131559,0.005494274,0.0001462,0.001895681,0.001653113,0.000136635,0.000569976,0
0.00137482,0.006530749,4.27E-05,0.006673828,-0.063109118,1.465783571,-0.000637409,0.00273142,7.46E-06,0.002804781,-0.055604624,2.577682039,0.005483129,0.000142649,0.001879053,0.001666136,0.000137968,0.000572335,0
0.001350596,0.006527529,4.26E-05,0.006665727,-0.057448528,1.462308797,-0.000653105,0.00272115,7.40E-06,0.002798403,-0.041218925,2.562751168,0.005471483,0.0001686,0.001896206,0.001671285,0.000144898,0.000558915,0
0.00136854,0.006518788,4.25E-05,0.006660831,-0.060436624,1.47250495,-0.000664958,0.002735014,7.48E-06,0.002814662,-0.026365737,2.559467201,0.005464642,0.000145816,0.001896942,0.001686352,0.000132366,0.000585953,0
0.001363552,0.006521316,4.25E-05,0.006662282,-0.057252894,1.460591023,-0.000653513,0.002749996,7.56E-06,0.002826555,-0.035933963,2.533867465,0.005480078,0.000181025,0.001867732,0.001674696,0.00015585,0.000585148,0
0.001365299,0.006522843,4.25E-05,0.006664135,-0.066365187,1.465829435,-0.000670279,0.002728125,7.44E-06,0.002809234,-0.044729195,2.569477415,0.005474039,0.00018707,0.001889624,0.001670116,0.000191955,0.00056398,0
0.001361941,0.006520124,0.000042512,0.006660786,-0.062981246,1.461320093,-0.000660366,0.002747068,7.55E-06,0.0028253,-0.064555488,2.520366217,0.005474275,0.000206535,0.001898016,0.001678725,0.000184501,0.000573438,0
0.001363687,0.00653025,4.26E-05,0.006671055,-0.062941268,1.46968013,-0.000664235,0.002734684,7.48E-06,0.002814171,-0.053429523,2.560666641,0.005475259,0.000173043,0.001879217,0.001678449,0.000174432,0.000583363,0
0.00136837,0.006506293,4.23E-05,0.006648568,-0.062465713,1.461116529,-0.000669207,0.002749458,7.56E-06,0.002829701,-0.052010355,2.572659072,0.005464529,0.00018917,0.001873356,0.00169405,0.000184739,0.00056892,0
0.00135493,0.006503826,4.23E-05,0.0066434,-0.063838964,1.466885152,-0.000679035,0.002740009,7.51E-06,0.002822869,-0.06126428,2.530387076,0.005456483,0.000149917,0.001873177,0.001695239,0.000144239,0.000589142,0
0.001351446,0.00653696,4.27E-05,0.006675134,-0.058711588,1.458475283,-0.000675951,0.002735489,7.48E-06,0.002817741,-0.049504619,2.541869357,0.005502943,0.000197898,0.001858891,0.001673973,0.000217514,0.00057635,0
0.001348433,0.006506718,4.23E-05,0.006644909,-0.063487678,1.470048727,-0.000674485,0.002746465,7.54E-06,0.002828047,-0.056487899,2.579010667,0.005453821,0.000188972,0.001873973,0.001680719,0.000161877,0.000582708,0
0.001346702,0.006533737,4.27E-05,0.006671019,-0.060988053,1.466128719,-0.000669464,0.002727499,7.44E-06,0.002808431,-0.059721135,2.541270494,0.005490338,0.000180632,0.001857836,0.001671228,0.000155743,0.000574756,0
0.001352172,0.006523541,4.26E-05,0.006662141,-0.059589684,1.457002807,-0.000673839,0.002724321,7.42E-06,0.002806392,-0.060071757,2.541299282,0.005471282,0.000207489,0.001895236,0.001665548,0.000187233,0.000584378,0
0.001361654,0.006518685,4.25E-05,0.006659319,-0.059329037,1.46486628,-0.000689756,0.002741836,7.52E-06,0.002827239,-0.056773987,2.589185332,0.00547269,0.000198542,0.001895849,0.001677,0.000210831,0.000565145,0
0.001350847,0.006535558,4.27E-05,0.00667364,-0.062974497,1.493657305,-0.000686916,0.002741094,7.51E-06,0.002825828,-0.052027128,2.568604849,0.005461866,0.000204988,0.001881684,0.00167329,0.000189251,0.000586643,0
0.001371774,0.006540009,4.28E-05,0.006682264,-0.063106771,1.467988778,-0.000720437,0.002721789,7.41E-06,0.002815497,-0.047982428,2.543549214,0.005488857,0.00020733,0.001890485,0.001670975,0.000160823,0.000552852,0
0.001380061,0.006511558,4.24E-05,0.006656135,-0.058522343,1.463700591,-0.000692899,0.002742471,7.52E-06,0.002828623,-0.057025504,2.546476209,0.005472164,0.000160353,0.001870577,0.00167454,0.000160092,0.000577168,0
0.001362525,0.006532063,4.27E-05,0.006672592,-0.058206332,1.469521712,-0.000672922,0.002748174,7.55E-06,0.002829335,-0.05578434,2.523799262,0.005478583,0.000163628,0.001887082,0.001675915,0.00016008,0.000585943,0
0.001374895,0.006512833,0.000042417,0.006656313,-0.066064755,1.47063527,-0.000632595,0.002729418,7.45E-06,0.002801741,-0.073319809,2.556535778,0.00545615,0.000170471,0.001901,0.001667435,0.000144933,0.000582336,0
0.00137251,0.006511417,4.24E-05,0.006654435,-0.06003604,1.461445222,-0.000647875,0.00272046,7.40E-06,0.002796516,-0.048641239,2.52949391,0.005460925,0.000150507,0.001894885,0.001682919,0.000142452,0.000554867,0
0.001367831,0.006513192,4.24E-05,0.006655209,-0.066253893,1.475742228,-0.000669706,0.002748428,7.55E-06,0.002828819,-0.053481736,2.520878478,0.005457909,0.000141183,0.001888235,0.00169275,0.00014533,0.000587533,0
0.001367225,0.006531306,0.000042658,0.006672813,-0.064257458,1.466147902,-0.000656601,0.002721969,7.41E-06,0.002800017,-0.054386168,2.569068834,0.005481195,0.00014207,0.001873029,0.001669715,0.000121964,0.00057387,0
0.001375615,0.006511801,4.24E-05,0.006655452,-0.063806423,1.466915369,-0.000675381,0.002744899,7.53E-06,0.002826741,-0.056182209,2.524132735,0.005462252,0.000185749,0.001880281,0.00167892,0.000156081,0.000579148,0
0.001356215,0.006518156,4.25E-05,0.006657691,-0.062540565,1.470341937,-0.000667796,0.002749444,7.56E-06,0.002829355,-0.070778172,2.557554031,0.005478446,0.00019916,0.001872421,0.001683712,0.000173234,0.000586652,0
0.001384464,0.006521411,4.25E-05,0.006666687,-0.062241451,1.464954212,-0.000648115,0.002760975,0.000007623,0.002835999,-0.024088909,2.575876435,0.005470572,0.000144306,0.001886693,0.001679975,0.000144507,0.000591639,0
0.001369724,0.006512719,4.24E-05,0.006655135,-0.061956118,1.458514471,-0.000668513,0.002744269,0.000007531,0.002824495,-0.049889853,2.518386175,0.005473774,0.000190773,0.001865152,0.001675551,0.000203534,0.000600998,0
0.001368376,0.006504454,4.23E-05,0.00664677,-0.063261377,1.463764505,-0.000662143,0.002724029,7.42E-06,0.002803324,-0.059537287,2.564799989,0.005452178,0.00019769,0.001891718,0.001674432,0.000194914,0.000568362,0
0.001353896,0.006519585,0.000042505,0.006658618,-0.06093386,1.460540077,-0.000667121,0.002723222,7.42E-06,0.00280372,-0.078131462,2.532492273,0.005477617,0.000158512,0.001876371,0.001656684,0.000133354,0.000581081,0
0.001370063,0.006503534,4.23E-05,0.006646217,-0.056303459,1.460685394,-0.000660427,0.002737988,7.50E-06,0.002816486,-0.045203986,2.520504539,0.005461959,0.000197351,0.001871926,0.001674739,0.000162159,0.00059034,0
0.001365924,0.006521785,4.25E-05,0.006663227,-0.058136933,1.462320334,-0.000666609,0.002740111,7.51E-06,0.002820005,-0.054624101,2.555502714,0.005475176,0.000137619,0.001901199,0.001674086,0.000157668,0.000566395,0
0.001326365,0.011820367,0.000139721,0.011894436,-0.662661685,2.144060641,-0.00066719,0.013199697,0.000174232,0.013216419,0.326899922,1.768062241,0.005241388,0.000206826,0.001852837,0.002417859,0.000175561,0.000581538,1
0.001333215,0.011841473,0.000140221,0.011916174,-0.654948906,2.130618475,-0.000674297,0.013183885,0.000173815,0.013200989,0.316735357,1.75031254,0.00527847,0.000220477,0.001856067,0.002419891,0.000193662,0.000594613,1
0.001326998,0.01182949,0.000139937,0.011903572,-0.659309271,2.133131377,-0.000649769,0.013247785,0.000175504,0.013263581,0.319478345,1.754645903,0.005293462,0.000192599,0.001863128,0.002422977,0.000163147,0.000590483,1
0.001339301,0.011919149,0.000142066,0.011994043,-0.663852843,2.13657713,-0.000679133,0.013303942,0.000176995,0.013321135,0.315983516,1.747748639,0.005275214,0.000189997,0.001864257,0.002426434,0.000174756,0.000606787,1
0.001339842,0.011917117,0.000142018,0.011992084,-0.670314491,2.14201599,-0.000632582,0.013355611,0.000178372,0.013370453,0.314472495,1.755609139,0.00525967,0.000172317,0.001858693,0.002385139,0.000156247,0.000608604,1
0.001327088,0.011935258,0.00014245,0.012008695,-0.661285145,2.133258553,-0.000639216,0.013342217,0.000178015,0.013357391,0.311543374,1.752129266,0.005239455,0.000177103,0.001854041,0.002365733,0.000149154,0.000582323,1
0.001333117,0.011893202,0.000141448,0.011967568,-0.664926013,2.138491724,-0.000660746,0.013317766,0.000177363,0.013334017,0.318918085,1.751768452,0.005242457,0.000162417,0.001865835,0.002400631,0.000122366,0.000580969,1
0.001335562,0.011918298,0.000142046,0.01199278,-0.665396589,2.134421662,-0.000664084,0.013289904,0.000176622,0.013306356,0.319629758,1.758481083,0.005270401,0.000197441,0.001870225,0.002421285,0.000194136,0.000586214,1
0.001348883,0.0119235,0.00014217,0.01199944,-0.667018837,2.133799214,-0.000667724,0.013303092,0.000176972,0.013319709,0.314858404,1.74952612,0.005276721,0.000208973,0.001867394,0.002417153,0.000195836,0.000608271,1
0.001350982,0.011929968,0.000142324,0.012006103,-0.662984544,2.135703251,-0.000667035,0.013349787,0.000178217,0.013366311,0.31953572,1.754624293,0.005246525,0.000177078,0.001851047,0.002426544,0.00013846,0.000613981,1
0.001333939,0.011913254,0.000141926,0.011987587,-0.663763482,2.133228576,-0.000667115,0.013277095,0.000176281,0.013293714,0.313250179,1.748818821,0.005260603,0.000183015,0.001855682,0.002362197,0.000188306,0.000589113,1
0.00133542,0.011892755,0.000141438,0.011967381,-0.661991869,2.135467329,-0.00065928,0.013227519,0.000174967,0.01324381,0.318655816,1.757292431,0.005252048,0.000180273,0.001839688,0.002339723,0.000134305,0.000575289,1
0.001371677,0.011832892,0.000140017,0.011912015,-0.662853954,2.147313792,-0.000669377,0.01312533,0.000172274,0.013142259,0.312338121,1.755508423,0.005233,0.000173364,0.001880812,0.002313847,0.000139962,0.000550875,1
0.001345936,0.011810916,0.000139498,0.011887244,-0.657785038,2.141290704,-0.000697522,0.01312912,0.000172374,0.013147508,0.310880731,1.747988415,0.00524598,0.000171259,0.001856599,0.002338709,0.000132474,0.000565349,1
0.001352228,0.011819739,0.000139706,0.011896723,-0.658679598,2.135725218,-0.000657526,0.013114799,0.000171998,0.013131144,0.317115475,1.759556829,0.005257316,0.000172168,0.001890267,0.002367541,0.000152345,0.000565467,1
0.00133624,0.011823851,0.000139803,0.011899002,-0.664124406,2.142954746,-0.000653357,0.013126387,0.000172302,0.013142509,0.309964783,1.740723651,0.005292013,0.000175176,0.001837627,0.002391262,0.000171386,0.000598353,1
0.001325871,0.011803382,0.00013932,0.011877501,-0.664654688,2.142818407,-0.00067331,0.013095897,0.000171503,0.013113066,0.308148558,1.75058549,0.005262121,0.000168773,0.0018659,0.002353632,0.000139418,0.000585689,1
0.001332028,0.011813928,0.000139569,0.01188867,-0.658339549,2.142981467,-0.000688729,0.013074697,0.000170948,0.013092697,0.3110916,1.750155374,0.005252152,0.000178677,0.001881142,0.00235789,0.000118571,0.000561913,1
0.001344658,0.011788906,0.000138978,0.01186523,-0.665116534,2.14454722,-0.000621192,0.01310132,0.000171645,0.013115911,0.311959047,1.749087325,0.005228955,0.000208272,0.001837739,0.002314896,0.000182742,0.000566615,1
0.001347913,0.011781696,0.000138808,0.011858437,-0.663507504,2.146993257,-0.000681061,0.013070182,0.00017083,0.013087786,0.314754038,1.753791682,0.0052239,0.000186811,0.001836092,0.002319071,0.000182807,0.000570052,1
0.001338001,0.011797861,0.00013919,0.011873376,-0.65975671,2.141798684,-0.000698535,0.013064918,0.000170692,0.013083451,0.313323194,1.75557834,0.005269636,0.000189078,0.001862885,0.002328227,0.000151457,0.000568809,1
0.001337557,0.011786882,0.000138931,0.011862417,-0.668313153,2.140757075,-0.000661926,0.013048982,0.000170276,0.013065632,0.308283724,1.748125279,0.00526403,0.000202896,0.001854171,0.002353008,0.000148195,0.000573271,1
0.00136534,0.011808189,0.000139433,0.011886747,-0.661794877,2.145044264,-0.000657324,0.013041331,0.000170076,0.013057759,0.303792989,1.754284117,0.005273898,0.000171016,0.001859427,0.002298392,0.000152764,0.00057132,1
0.001357168,0.011789799,0.000138999,0.011867542,-0.666116377,2.151314495,-0.000669977,0.013051677,0.000170346,0.013068734,0.312746553,1.751695359,0.005249543,0.000182611,0.001857553,0.002306244,0.000202356,0.000563565,1
0.001330514,0.011790815,0.000139023,0.011865533,-0.659262842,2.143240139,-0.000733524,0.013024064,0.000169626,0.013044577,0.309610433,1.759729245,0.005256254,0.000184918,0.001841144,0.00231101,0.000121639,0.000589374,1
0.001361488,0.01179594,0.000139144,0.011874137,-0.665395155,2.141156058,-0.000691959,0.01312041,0.000172145,0.013138516,0.31858824,1.752481227,0.005273638,0.000189614,0.001867428,0.002410071,0.000123087,0.000577215,1
0.00135194,0.01180849,0.00013944,0.011885515,-0.663699234,2.144597908,-0.00062765,0.01320401,0.000174346,0.013218791,0.325822445,1.765362844,0.00525314,0.000159348,0.001864332,0.002439961,0.000136912,0.000565569,1
0.001347565,0.011839915,0.000140184,0.01191624,-0.664798196,2.138761077,-0.000627284,0.013234815,0.00017516,0.013249543,0.327816651,1.755842834,0.005242035,0.000213669,0.001832474,0.002414444,0.000196701,0.000556046,1
0.001363564,0.011900983,0.000141633,0.011978728,-0.668314054,2.132936874,-0.000672257,0.0133356,0.000177838,0.013352404,0.320099401,1.749925562,0.005240652,0.000170382,0.001857789,0.00240855,0.000161226,0.000576359,1
0.001332956,0.011923099,0.00014216,0.011997261,-0.658867381,2.135480855,-0.000655595,0.013452571,0.000180972,0.013468405,0.326000629,1.757852572,0.00523507,0.000195652,0.001859031,0.002452306,0.000197683,0.00058543,1
0.001320219,0.011900036,0.000141611,0.011972931,-0.661653111,2.127120333,-0.000680425,0.013394744,0.000179419,0.013411884,0.323155442,1.751392065,0.005212317,0.000215164,0.001875239,0.002433106,0.000210945,0.000574656,1
0.001349959,0.011925358,0.000142214,0.012001407,-0.659074047,2.1305725,-0.000671392,0.013465183,0.000181311,0.01348178,0.330138335,1.761764041,0.005258694,0.00019055,0.001853741,0.002460057,0.000183217,0.00058558,1
0.001362147,0.011944796,0.000142678,0.012022097,-0.667369526,2.130285066,-0.000698385,0.013468514,0.000181401,0.013486478,0.326748044,1.747526963,0.005260487,0.000199715,0.001846656,0.002506925,0.000184738,0.000627647,1
0.001346696,0.011945785,0.000142702,0.012021339,-0.665621673,2.130384961,-0.000654412,0.013494643,0.000182105,0.013510369,0.327779899,1.756670668,0.005274198,0.000184746,0.001870315,0.002486818,0.000178689,0.000599297,1
0.001343127,0.011979089,0.000143499,0.012054035,-0.664477905,2.130252071,-0.00065655,0.013509926,0.000182518,0.013525739,0.322343729,1.757372073,0.005251655,0.000189981,0.001857966,0.002449032,0.000167194,0.000597451,1
0.001325172,0.011999606,0.000143991,0.01207244,-0.663655111,2.125374847,-0.000682336,0.013545785,0.000183488,0.013562828,0.336088666,1.759361608,0.00528177,0.000160327,0.001879435,0.002525075,0.000115268,0.000578445,1
0.001352363,0.011957488,0.000142982,0.012033603,-0.668298175,2.132288748,-0.000697189,0.013568078,0.000184093,0.013585847,0.336062856,1.757517042,0.005280243,0.000192319,0.001859747,0.002555075,0.000158619,0.0006092,1
0.001347363,0.011955372,0.000142931,0.01203094,-0.672134463,2.137618033,-0.000685416,0.013474768,0.000181569,0.013492058,0.330561149,1.757607873,0.005297282,0.000211868,0.001869339,0.002527892,0.000175475,0.000613492,1
0.001348875,0.011916975,0.000142014,0.011992956,-0.662584045,2.133583645,-0.000664678,0.013446053,0.000180796,0.013462341,0.333782079,1.766067929,0.00527093,0.00021185,0.00186291,0.002488675,0.000195708,0.00058283,1
0.001321985,0.011841208,0.000140214,0.01191466,-0.655766123,2.133029298,-0.000691503,0.01330089,0.000176914,0.013318723,0.332833507,1.768513038,0.005262411,0.000217173,0.001866366,0.002471163,0.000177607,0.000576907,1
0.001336858,0.011863596,0.000140745,0.011938565,-0.666770639,2.135555497,-0.000662396,0.013330813,0.000177711,0.01334713,0.329658958,1.752900738,0.005263048,0.000200741,0.001855795,0.002496623,0.000195678,0.000573834,1
0.00135934,0.011865389,0.000140788,0.011942886,-0.667307056,2.1391042,-0.000702229,0.013299181,0.000176868,0.013317578,0.326496692,1.756815199,0.005258074,0.000189447,0.001877852,0.002465727,0.000188127,0.000578764,1
0.001376526,0.011815364,0.000139603,0.011895164,-0.664063263,2.144910059,-0.0006872,0.013205744,0.000174392,0.013223483,0.324922794,1.76489058,0.005237624,0.000218156,0.001857291,0.00239156,0.000161446,0.000570691,1
0.001352611,0.011856057,0.000140566,0.011932849,-0.660720201,2.134826904,-0.000671063,0.013227892,0.000174977,0.013244774,0.325286729,1.755093645,0.005245126,0.000177515,0.001886767,0.002409181,0.000183237,0.000558115,1
0.001326633,0.011854053,0.000140519,0.011927942,-0.665222525,2.141964208,-0.000710352,0.01324402,0.000175404,0.013262927,0.326114736,1.756963246,0.005267368,0.000175479,0.001833197,0.002423944,0.000139581,0.000579272,1
0.001329511,0.011835536,0.00014008,0.01190986,-0.662288332,2.138196463,-0.000669934,0.013244056,0.000175405,0.013260859,0.32883977,1.760589517,0.005287358,0.000154434,0.001862901,0.002468279,0.000144096,0.000581117,1
0.00133957,0.011835631,0.000140082,0.011911082,-0.663353627,2.137026772,-0.000660317,0.013232754,0.000175106,0.013249089,0.3184335,1.74982803,0.005264212,0.000212728,0.00184322,0.002417307,0.000191765,0.000584138,1
0.001361936,0.011810997,0.0001395,0.011889146,-0.672093531,2.145352788,-0.000674253,0.013205082,0.000174374,0.013222156,0.322232185,1.757054123,0.005248342,0.000191912,0.00185567,0.002377192,0.000137782,0.000578437,1
0.001365485,0.011827173,0.000139882,0.011905622,-0.659768603,2.137986038,-0.000726087,0.013237697,0.000175237,0.013257466,0.322880626,1.752830565,0.005240736,0.00021007,0.001861182,0.002415063,0.00020033,0.000552157,1
0.001344557,0.01179713,0.000139172,0.01187339,-0.653572389,2.133193901,-0.000707437,0.013143791,0.000172759,0.013162688,0.320380586,1.7605359,0.005233931,0.000215468,0.001857785,0.002386388,0.00018001,0.000567703,1
0.001337513,0.011847221,0.000140357,0.011922368,-0.660752927,2.137108308,-0.000642492,0.013227194,0.000174959,0.01324266,0.322295457,1.744818951,0.005269662,0.000197621,0.001875662,0.002437143,0.000209226,0.000589391,1
0.001327835,0.011793856,0.000139095,0.011868254,-0.659236754,2.138948853,-0.000640526,0.013169477,0.000173435,0.013184916,0.315986352,1.754113046,0.005268119,0.000208722,0.001866089,0.00241977,0.000188411,0.000558806,1
0.001330788,0.011798942,0.000139215,0.011873639,-0.663956328,2.151766578,-0.000699053,0.013200821,0.000174262,0.013219189,0.320018907,1.762778086,0.005243998,0.000214963,0.001869542,0.002398986,0.000195145,0.000566965,1
0.001340594,0.011823551,0.000139796,0.011899194,-0.668238214,2.142203461,-0.000684249,0.013227499,0.000174967,0.013245056,0.319180642,1.745336149,0.005252837,0.000201517,0.001830759,0.002396988,0.000178992,0.000573605,1
0.001333441,0.011849571,0.000140412,0.011924247,-0.674175122,2.146937039,-0.000661111,0.013269698,0.000176085,0.013286027,0.325468397,1.759831088,0.005248874,0.000160938,0.001837114,0.002403115,0.000137658,0.000584548,1
0.001344254,0.011832905,0.000140018,0.011908901,-0.671332165,2.145098127,-0.000640559,0.013270198,0.000176098,0.01328552,0.323488442,1.755569745,0.005241109,0.000180523,0.001856409,0.002425989,0.000144936,0.000556977,1
0.001346289,0.011850854,0.000140443,0.011926965,-0.670658219,2.136718238,-0.000655673,0.013295863,0.00017678,0.013311891,0.321385,1.74785262,0.00527336,0.000181027,0.001858588,0.002456879,0.000159007,0.000573184,1
0.00134615,0.011958033,0.000142995,0.012033448,-0.664583194,2.13599251,-0.000639651,0.013445334,0.000180777,0.01346041,0.324243531,1.749593532,0.00526721,0.000206193,0.001876701,0.002478795,0.000186791,0.000584512,1
0.0013282,0.011952815,0.00014287,0.012026268,-0.66491222,2.129209167,-0.000675054,0.013506052,0.000182413,0.01352278,0.325578929,1.755200472,0.005239878,0.00019924,0.001860796,0.00247089,0.000219482,0.000579125,1
0.001348857,0.011952194,0.000142855,0.01202795,-0.664879507,2.132384808,-0.000677749,0.013503522,0.000182345,0.013520388,0.331526642,1.758716223,0.005244565,0.000190884,0.001876324,0.002512486,0.000223501,0.000584588,1
0.001392785,0.011954256,0.000142904,0.012035003,-0.664447315,2.134245927,-0.000674847,0.013472959,0.000181521,0.013489719,0.32821548,1.760678351,0.005249783,0.000187576,0.001861402,0.002480949,0.000206188,0.000607074,1
0.001329303,0.011939875,0.000142561,0.012013529,-0.662495297,2.126825075,-0.000661058,0.013499093,0.000182226,0.013515138,0.326954148,1.759749182,0.005228492,0.000199456,0.001853815,0.002476717,0.000183517,0.000603024,1
0.001331126,0.01193566,0.00014246,0.012009542,-0.661384082,2.126035275,-0.000690492,0.013467225,0.000181366,0.013484784,0.330284907,1.755553208,0.005251561,0.000208895,0.001891265,0.002488195,0.000176885,0.000583259,1
0.001341098,0.011927146,0.000142257,0.01200219,-0.667157727,2.137506062,-0.000675462,0.013391415,0.00017933,0.013408309,0.324509587,1.752160065,0.005268195,0.000183656,0.001868356,0.002487645,0.000170376,0.000587233,1
0.001347274,0.011847633,0.000140366,0.011923876,-0.663815722,2.139127309,-0.000666916,0.01323266,0.000175103,0.013249326,0.324384567,1.751026487,0.005280084,0.000196166,0.001862855,0.00248157,0.000163973,0.000555849,1
0.001337447,0.011836746,0.000140109,0.011911951,-0.669750825,2.145756589,-0.000660997,0.013199471,0.000174226,0.013215882,0.320956052,1.75980016,0.005262232,0.000178936,0.001851591,0.002417805,0.00015037,0.000585498,1
0.001315292,0.011823991,0.000139807,0.011896807,-0.66015744,2.142283851,-0.000629206,0.013340079,0.000177958,0.013354779,0.336108818,1.762220222,0.005224709,0.000179024,0.001882293,0.002485019,0.000137897,0.000554789,1
0.001322065,0.011838025,0.000140139,0.011911505,-0.657990629,2.129758169,-0.000648406,0.01343442,0.000180484,0.013449927,0.340893684,1.76356563,0.005253488,0.000169506,0.001853046,0.002503836,0.000158405,0.000564555,1
0.001332347,0.01185425,0.000140523,0.011928774,-0.666975359,2.144966951,-0.000661854,0.013387871,0.000179235,0.013404091,0.338714946,1.764303574,0.005273422,0.000198099,0.001852684,0.002489873,0.000176238,0.000573709,1
0.00134001,0.011856333,0.000140573,0.011931702,-0.663247739,2.138940352,-0.000639841,0.01334996,0.000178221,0.013365155,0.329047029,1.755935516,0.00529444,0.000176067,0.001868327,0.002491478,0.00017136,0.000583334,1
